TRAIN,precision,recall,f1-score,support
Male,0.855457227138643,0.9613259668508287,0.9053069719042663,905.0
Female,0.9553001277139208,0.8357541899441341,0.8915375446960667,895.0
accuracy,0.8988888888888888,0.8988888888888888,0.8988888888888888,0.8988888888888888
macro avg,0.905378677426282,0.8985400783974814,0.8984222583001665,1800.0
weighted avg,0.9051013360357951,0.8988888888888888,0.8984605067090782,1800.0
